,id
0,001E000000VHBQIIA5
1,0010L00001kWVp3QAG
2,001E000000ZLAC7IAP
3,0010L00001rFYIPQA4
4,001E000000NaBI4IAN
5,001E000000Rp5QNIAZ
6,001E000000aTCdxIAG
7,001E000000Rl0yUIAR
8,001E000000cGSw7IAG
9,001E000001HPlIAIA1
10,001E000000YM87OIAT
11,001E000000mCzrTIAS
12,001E000000Qcj4uIAB
13,001E000000NaBHWIA3
14,001E000000Rp5FrIAJ
15,001E000000Rp5HiIAJ
16,001E000000Rp5QhIAJ
17,001E000000NaBHOIA3
18,001E000000Rp5PbIAJ
19,001E000000fh9DXIAY
20,001E000001Gg7VYIAZ
21,0010h00001jEI5BAAW
22,001E000000uiIqxIAE
23,001E000000e0s6mIAA
24,001E000001VBcggIAD
25,001E000000pbhc9IAA
26,001E000000jCIZXIA4
27,001E000000Rl12JIAR
28,001E000000qHceiIAC
29,001E000000wp6WIIAY
30,001E000000dIINxIAO
31,0010L00001iWx29QAC
32,001E000001eLZP3IAO
33,001E000000jCCnAIAW
34,001E0000017qV5aIAE
35,001E000000Rl0xrIAB
36,001E000000ugNrTIAU
37,0010L00001v2geqQAA
38,001E000000UfacWIAR
39,001E000000uevYfIAI
40,0010L00001jTDt6QAG
41,001E000001Tpn3wIAB
42,001E000001JVPLlIAP
43,001E00000101iOVIAY
44,001E000001GgPY0IAN
45,001E000001VA683IAD
46,0010h00001aCXe0AAG
47,001E000000UfYuIIAV
48,001E000000vvcE6IAI
49,001E000000Rl0yAIAR
50,001E000000uf5EGIAY
51,0010L00001kUxdLQAS
52,0010h00001d1hVeAAI
53,0010h00001aDqFvAAK
54,001E000000Rp57sIAB
55,0010L00001pCdBiQAK
56,001E000000texmiIAA
57,001E0000016WxP5IAK
58,001E000000ufrdGIAQ
59,001E000001Tn7jwIAB
60,0010L00001rCLW0QAO
61,001E000000pb2kvIAA
62,001E000000Rp5GqIAJ
63,0010L00001oBsjpQAC
64,001E000000Rp57vIAB
65,0010h00001cAvF9AAK
66,0010h00001fuftnAAA
67,0010h00001jCcZaAAK
68,0010L00001oBDjRQAW
69,001E000000uetjUIAQ
70,001E000000Rl0vyIAB
71,001E000000iNSwGIAW
72,001E000000zHmMOIA0
73,001E000001eMqWoIAK
74,001E000000fezWpIAI
75,0010L00001kV4dxQAC
76,0010L00001sBp0KQAS
77,001E000000e1EYWIA2
78,001E000000UfZp8IAF
79,001E000000Rl12cIAB
80,001E000000Rp5GgIAJ
81,0010h00001hfRYDAA2
82,0010L00001pDHc8QAG
83,001E0000019GSurIAG
84,001E000000e0s5xIAA
85,001E000001GePm7IAF
86,0010L00001qzPTnQAM
87,0010L00001tBJl8QAG
88,001E000001IfAdgIAF
89,001E000001hNv40IAC
90,0010L00001kYD3UQAW
91,001E000000aTMveIAG
92,001E0000012dQPyIAM
93,001E000001DhkH2IAJ
94,0010L00001obzKwQAI
95,001E000000UfaHnIAJ
96,001E000000UfaanIAB
97,0010L00001rEBfpQAG
98,0010L00001oAtbEQAS
99,0010L00001qGKdAQAW
100,001E000000UfZgAIAV
101,001E0000019F80PIAS
102,0010L00001iVjfOQAS
103,0010L00001kVKfFQAW
104,0010L00001rc9WBQAY
105,001E0000018ZIhMIAW
106,001E000001N5n6NIAR
107,0010L00001oBL5zQAG
108,0010L00001v1BMJQA2
109,0010h00001aBnq2AAC
110,0010h00001e8NB1AAM
111,0010h00001ffPpTAAU
112,0010h00001kM0DPAA0
113,001E000000jCWvaIAG
114,001E000000xF5oQIAS
115,001E000001LgSQPIA3
116,0010L00001pCUs9QAG
117,0010L00001tCYtzQAG
118,001E000000UfZ2vIAF
119,001E000000Rl0yXIAR
120,001E0000017nQgzIAE
121,0010L00001nGIdAQAW
122,0010L00001pAHVmQAO
123,0010L00001pADd6QAG
124,0010h00001h4p6iAAA
125,0010h00001hf98XAAQ
126,0010h00001jE3bpAAC
127,0018a00001lQwHhAAK
128,0010L00001tB58AQAS
129,0010L00001s0a2cQAA
130,0010L00001jTDzdQAG
131,001E000001A2jpEIAR
132,001E000000muV5PIAU
133,001E00000149k4XIAQ
134,001E000001USCW3IAP
135,0010L00001u53HvQAI
136,001E000000sVshbIAC
137,001E000000uf5DNIAY
138,0010L00001jRvodQAC
139,0010h00001iek7sAAA
140,0010L00001u5ZYHQA2
141,0010L00001v16J3QAI
142,0010h00001aCvauAAC
143,0010h00001d3BP3AAM
144,0010h00001d4a1pAAA
145,001E000000Rp5GlIAJ
146,001E000000ugbsFIAQ
147,001E000001OLyUEIA1
148,0010L00001mlbirQAA
149,0010L00001rENnQQAW
150,0010L00001v0jOOQAY
151,0010h00001cAvqPAAS
152,0010h00001fSgFzAAK
153,0010h00001heFSaAAM
154,0018a00001mTYTIAA4
155,0018a00001osWmwAAE
156,0018a00001qnCZYAA2
157,001E000001eLxn1IAC
158,001E000000UfZpSIAV
159,0010L00001v2Wn2QAE
160,0010L00001rcMP3QAM
161,0018a00001lTnSdAAK
162,001E000000ohb2ZIAQ
163,0010L00001jT0h0QAC
164,0010h00001aCMnBAAW
165,001E000000Rl12NIAR
166,001E000001Epo3ZIAR
167,0010L00001iWYM6QAO
168,0010L00001oAughQAC
169,001E000000hc5erIAA
170,001E0000011Zz9rIAC
171,0010h00001jCYaPAAW
172,001E000000wqI1HIAU
173,0010L00001iWt3aQAC
174,001E000000VHBQ9IAP
175,0010h00001aC5u3AAC
176,0010L00001rbWzsQAE
177,0010h00001kTM6mAAG
178,0018W00002AzBstQAF
179,0018a00001qmZpmAAE
180,001E000000jCCf0IAG
181,001E000000Rp5HCIAZ
182,0010h00001d1vjgAAA
183,001E000000UfZOjIAN
184,001E000000wLdjIIAS
185,0010L00001skMi5QAE
186,0010h00001hgsssAAA
187,0018a00001kOr0AAAS
188,0010L00001rFLRgQAO
189,0010h00001jElngAAC
190,0010h00001kTgajAAC
191,0010h00001kNvWyAAK
192,0018a00001oCsPbAAK
193,0010L00001tBj74QAC
194,0018W00001wuguIQAQ
195,001E000000mE9p6IAC
196,001E000000aS9yKIAS
197,001E000000ekLtAIAU
198,001E000001N7dp0IAB
199,0010h00001aQkuPAAS
200,0010h00001d3AuIAAU
201,0010h00001jEDFkAAO
202,001E000000jpPlSIAU
203,001E000001EqJInIAN
204,0010h00001ZXZxuAAH
205,0010h00001ZYaNXAA1
206,0010h00001d5284AAA
207,0010h00001dnoGdAAI
208,0010h00001doS46AAE
209,0010h00001fuLGqAAM
210,0010h00001ifMh7AAE
211,0010h00001jBXc9AAG
212,0010h00001kNpbkAAC
213,0010L00001oCCzzQAG
214,0010L00001sgciRQAQ
215,0010L00001u5Z24QAE
216,0010h00001cA12NAAS
217,0010h00001hgBQAAA2
218,0010h00001iedsRAAQ
219,0018W00002093vlQAA
220,0018W00002Ay04dQAB
221,0018a00001oCranAAC
222,0018a00001qm81zAAA
223,0018a00001u6ok9AAA
224,001E000000pbMuZIAU
225,001E000001Li7SAIAZ
226,0010h00001ZXexKAAT
227,0018W000024MnmpQAC
